vid,wer,survival,chars
d00_body_C1_clean,0.1959,1.0,798
d00_footer_C2_clean,0.2371,1.0,827
d00_margin_C3_clean,0.2268,0.419,804
d00_watermark_C4_clean,0.134,0.355,750
d00_whiteonwhite_C5_clean,0.1856,0.458,753
d00_microfont_C6_clean,0.1649,0.407,768
d01_body_C2_clean,0.2441,1.0,1046
d01_footer_C3_clean,0.252,1.0,1025
d01_margin_C4_clean,0.2441,0.411,1024
d01_watermark_C5_clean,0.1811,0.5,969
d01_whiteonwhite_C6_clean,0.1811,0.441,969
d01_microfont_C1_clean,0.2047,0.622,1009
d02_body_C3_clean,0.1907,1.0,1455
d02_footer_C4_clean,0.201,1.0,1456
d02_margin_C5_clean,0.1701,0.5,1424
d02_watermark_C6_clean,0.1495,0.407,1399
d02_whiteonwhite_C1_clean,0.1495,0.422,1400
d02_microfont_C2_clean,0.1856,0.686,1468
d03_body_C4_clean,0.2846,1.0,1015
d03_footer_C5_clean,0.2439,1.0,982
d03_margin_C6_clean,0.252,0.407,987
d03_watermark_C1_clean,0.2114,0.467,958
d03_whiteonwhite_C2_clean,0.2276,0.386,958
d03_microfont_C3_clean,0.2276,0.4,993
d04_body_C5_clean,0.1485,1.0,751
d04_footer_C6_clean,0.1881,1.0,755
d04_margin_C1_clean,0.2178,0.444,775
d04_watermark_C2_clean,0.1386,0.371,725
d04_whiteonwhite_C3_clean,0.1188,0.381,727
d04_microfont_C4_clean,0.1386,0.467,766
d05_body_C6_clean,0.1855,1.0,985
d05_footer_C1_clean,0.2258,1.0,1005
d05_margin_C2_clean,0.25,0.486,1030
d05_watermark_C3_clean,0.1613,0.4,956
d05_whiteonwhite_C4_clean,0.1452,0.393,956
d05_microfont_C5_clean,0.1694,0.458,970
d06_body_C1_clean,0.1915,1.0,1439
d06_footer_C2_clean,0.2074,1.0,1467
d06_margin_C3_clean,0.1968,0.419,1444
d06_watermark_C4_clean,0.1543,0.449,1390
d06_whiteonwhite_C5_clean,0.1543,0.5,1390
d06_microfont_C6_clean,0.1649,0.407,1410
d07_body_C2_clean,0.2951,1.0,1016
d07_footer_C3_clean,0.3033,1.0,994
d07_margin_C4_clean,0.3115,0.374,999
d07_watermark_C5_clean,0.2295,0.458,939
d07_whiteonwhite_C6_clean,0.2295,0.407,939
d07_microfont_C1_clean,0.1803,0.378,973
d08_body_C3_clean,0.1935,1.0,744
d08_footer_C4_clean,0.2581,1.0,743
d08_margin_C5_clean,0.1935,0.5,711
d08_watermark_C6_clean,0.1075,0.407,689
d08_whiteonwhite_C1_clean,0.129,0.4,688
d08_microfont_C2_clean,0.1828,0.743,758
d09_body_C4_clean,0.1953,1.0,1002
d09_footer_C5_clean,0.1562,1.0,969
d09_margin_C6_clean,0.1484,0.441,975
d09_watermark_C1_clean,0.125,0.511,945
d09_whiteonwhite_C2_clean,0.125,0.386,946
d09_microfont_C3_clean,0.1875,0.457,980
d10_body_C5_clean,0.1703,1.0,1381
d10_footer_C6_clean,0.1758,1.0,1387
d10_margin_C1_clean,0.2088,0.444,1408
d10_watermark_C2_clean,0.1484,0.471,1357
d10_whiteonwhite_C3_clean,0.1484,0.4,1357
d10_microfont_C4_clean,0.1703,0.449,1361
d11_body_C6_clean,0.2283,1.0,1019
d11_footer_C1_clean,0.252,1.0,1038
d11_margin_C2_clean,0.2756,0.429,1063
d11_watermark_C3_clean,0.189,0.4,989
d11_whiteonwhite_C4_clean,0.2047,0.467,989
d11_microfont_C5_clean,0.1969,0.5,1005
d12_body_C1_clean,0.1845,1.0,840
d12_footer_C2_clean,0.2039,1.0,873
d12_margin_C3_clean,0.2233,0.419,846
d12_watermark_C4_clean,0.1359,0.411,791
d12_whiteonwhite_C5_clean,0.1359,0.5,791
d12_microfont_C6_clean,0.1456,0.373,810
d13_body_C2_clean,0.2097,1.0,988
d13_footer_C3_clean,0.2016,1.0,967
d13_margin_C4_clean,0.2097,0.43,967
d13_watermark_C5_clean,0.129,0.5,911
d13_whiteonwhite_C6_clean,0.1452,0.407,911
d13_microfont_C1_clean,0.1774,0.556,951
d14_body_C3_clean,0.1957,1.0,1405
d14_footer_C4_clean,0.212,1.0,1405
d14_margin_C5_clean,0.1793,0.5,1374
d14_watermark_C6_clean,0.1576,0.475,1349
d14_whiteonwhite_C1_clean,0.1576,0.467,1349
d14_microfont_C2_clean,0.1793,0.471,1406
d15_body_C4_clean,0.2773,1.0,1021
d15_footer_C5_clean,0.2353,1.0,988
d15_margin_C6_clean,0.2437,0.475,993
d15_watermark_C1_clean,0.2017,0.4,964
d15_whiteonwhite_C2_clean,0.2185,0.429,964
d15_microfont_C3_clean,0.2185,0.457,1004
d16_body_C5_clean,0.18,1.0,762
d16_footer_C6_clean,0.19,1.0,768
d16_margin_C1_clean,0.22,0.422,788
d16_watermark_C2_clean,0.14,0.386,738
d16_whiteonwhite_C3_clean,0.14,0.381,738
d16_microfont_C4_clean,0.19,0.542,779
d17_body_C6_clean,0.1756,1.0,941
d17_footer_C1_clean,0.1985,1.0,960
d17_margin_C2_clean,0.2214,0.414,984
d17_watermark_C3_clean,0.1374,0.438,911
d17_whiteonwhite_C4_clean,0.1374,0.393,910
d17_microfont_C5_clean,0.145,0.5,929
d18_body_C1_clean,0.171,1.0,1451
d18_footer_C2_clean,0.2124,1.0,1479
d18_margin_C3_clean,0.1865,0.438,1456
d18_watermark_C4_clean,0.1451,0.449,1402
d18_whiteonwhite_C5_clean,0.1451,0.5,1402
d18_microfont_C6_clean,0.1606,0.475,1407
d19_body_C2_clean,0.2764,1.0,1025
d19_footer_C3_clean,0.2683,1.0,1004
d19_margin_C4_clean,0.2764,0.374,1008
d19_watermark_C5_clean,0.1951,0.5,948
d19_whiteonwhite_C6_clean,0.2114,0.407,948
d19_microfont_C1_clean,0.2358,0.556,988
d20_body_C3_clean,0.1895,1.0,770
d20_footer_C4_clean,0.2316,1.0,771
d20_margin_C5_clean,0.1684,0.5,738
d20_watermark_C6_clean,0.1263,0.441,714
d20_whiteonwhite_C1_clean,0.1053,0.378,715
d20_microfont_C2_clean,0.2211,0.771,778
d21_body_C4_clean,0.2256,1.0,1030
d21_footer_C5_clean,0.1805,1.0,997
d21_margin_C6_clean,0.1729,0.441,1003
d21_watermark_C1_clean,0.1504,0.444,973
d21_whiteonwhite_C2_clean,0.1504,0.457,974
d21_microfont_C3_clean,0.188,0.495,1010
d22_body_C5_clean,0.1692,1.0,1421
d22_footer_C6_clean,0.1744,1.0,1427
d22_margin_C1_clean,0.1641,0.422,1448
d22_watermark_C2_clean,0.1487,0.386,1397
d22_whiteonwhite_C3_clean,0.1487,0.476,1398
d22_microfont_C4_clean,0.1692,0.523,1439
d23_body_C6_clean,0.2314,1.0,960
d23_footer_C1_clean,0.2645,1.0,979
d23_margin_C2_clean,0.2893,0.5,1004
d23_watermark_C3_clean,0.1983,0.419,930
d23_whiteonwhite_C4_clean,0.1983,0.411,930
d23_microfont_C5_clean,0.2066,0.5,946
d24_body_C1_clean,0.2088,1.0,724
d24_footer_C2_clean,0.2637,1.0,752
d24_margin_C3_clean,0.2527,0.419,729
d24_watermark_C4_clean,0.1538,0.411,675
d24_whiteonwhite_C5_clean,0.1538,0.5,675
d24_microfont_C6_clean,0.1648,0.407,697
d25_body_C2_clean,0.2276,1.0,1046
d25_footer_C3_clean,0.2195,1.0,1025
d25_margin_C4_clean,0.2276,0.449,1025
d25_watermark_C5_clean,0.1463,0.5,969
d25_whiteonwhite_C6_clean,0.1463,0.475,970
d25_microfont_C1_clean,0.1707,0.467,1007
d26_body_C3_clean,0.1902,1.0,1423
d26_footer_C4_clean,0.212,1.0,1424
d26_margin_C5_clean,0.1793,0.5,1392
d26_watermark_C6_clean,0.1576,0.475,1367
d26_whiteonwhite_C1_clean,0.1576,0.467,1367
d26_microfont_C2_clean,0.2011,0.729,1434
d27_body_C4_clean,0.287,1.0,1000
d27_footer_C5_clean,0.2435,1.0,967
d27_margin_C6_clean,0.2522,0.475,972
d27_watermark_C1_clean,0.2087,0.467,943
d27_whiteonwhite_C2_clean,0.2261,0.471,943
d27_microfont_C3_clean,0.2696,0.4,982
d28_body_C5_clean,0.1935,1.0,701
d28_footer_C6_clean,0.2043,1.0,707
d28_margin_C1_clean,0.1935,0.378,730
d28_watermark_C2_clean,0.1505,0.386,677
d28_whiteonwhite_C3_clean,0.1505,0.381,677
d28_microfont_C4_clean,0.2151,0.561,721
d29_body_C6_clean,0.1667,1.0,960
d29_footer_C1_clean,0.2167,1.0,979
d29_margin_C2_clean,0.2417,0.471,1004
d29_watermark_C3_clean,0.1333,0.419,929
d29_whiteonwhite_C4_clean,0.15,0.449,929
d29_microfont_C5_clean,0.1417,0.5,945
d30_body_C1_clean,0.1967,1.0,1434
d30_footer_C2_clean,0.2131,1.0,1462
d30_margin_C3_clean,0.1858,0.419,1439
d30_watermark_C4_clean,0.1585,0.43,1385
d30_whiteonwhite_C5_clean,0.1585,0.5,1385
d30_microfont_C6_clean,0.1749,0.441,1403
d31_body_C2_clean,0.2764,1.0,990
d31_footer_C3_clean,0.2683,1.0,969
d31_margin_C4_clean,0.2764,0.43,973
d31_watermark_C5_clean,0.1951,0.5,913
d31_whiteonwhite_C6_clean,0.1951,0.441,913
d31_microfont_C1_clean,0.2276,0.444,948
d32_body_C3_clean,0.1837,1.0,770
d32_footer_C4_clean,0.2041,1.0,772
d32_margin_C5_clean,0.1429,0.5,739
d32_watermark_C6_clean,0.102,0.407,715
d32_whiteonwhite_C1_clean,0.1224,0.378,714
d32_microfont_C2_clean,0.1837,0.657,777
d33_body_C4_clean,0.1984,1.0,1018
d33_footer_C5_clean,0.1587,1.0,985
d33_margin_C6_clean,0.1508,0.441,991
d33_watermark_C1_clean,0.127,0.4,961
d33_whiteonwhite_C2_clean,0.127,0.471,962
d33_microfont_C3_clean,0.1587,0.495,1003
d34_body_C5_clean,0.1702,1.0,1384
d34_footer_C6_clean,0.1809,1.0,1390
d34_margin_C1_clean,0.1543,0.444,1411
d34_watermark_C2_clean,0.1543,0.514,1360
d34_whiteonwhite_C3_clean,0.1543,0.419,1361
d34_microfont_C4_clean,0.1436,0.467,1365
d35_body_C6_clean,0.2727,1.0,952
d35_footer_C1_clean,0.281,1.0,971
d35_margin_C2_clean,0.3058,0.443,996
d35_watermark_C3_clean,0.2149,0.4,922
d35_whiteonwhite_C4_clean,0.2314,0.43,922
d35_microfont_C5_clean,0.2231,0.5,939
d36_body_C1_clean,0.1635,1.0,813
d36_footer_C2_clean,0.2212,1.0,843
d36_margin_C3_clean,0.2019,0.381,818
d36_watermark_C4_clean,0.1154,0.374,764
d36_whiteonwhite_C5_clean,0.0962,0.5,765
d36_microfont_C6_clean,0.125,0.407,780
d37_body_C2_clean,0.197,1.0,1076
d37_footer_C3_clean,0.2121,1.0,1055
d37_margin_C4_clean,0.2273,0.393,1055
d37_watermark_C5_clean,0.1439,0.458,999
d37_whiteonwhite_C6_clean,0.1515,0.441,999
d37_microfont_C1_clean,0.1818,0.578,1039
d38_body_C3_clean,0.1872,1.0,1414
d38_footer_C4_clean,0.2086,1.0,1415
d38_margin_C5_clean,0.1765,0.5,1383
d38_watermark_C6_clean,0.1551,0.441,1358
d38_whiteonwhite_C1_clean,0.1551,0.422,1358
d38_microfont_C2_clean,0.1551,0.443,1373
d39_body_C4_clean,0.2727,1.0,1009
d39_footer_C5_clean,0.2314,1.0,976
d39_margin_C6_clean,0.2397,0.475,981
d39_watermark_C1_clean,0.1983,0.378,952
d39_whiteonwhite_C2_clean,0.2149,0.5,952
d39_microfont_C3_clean,0.2397,0.648,996
d40_body_C5_clean,0.1978,1.0,703
d40_footer_C6_clean,0.2088,1.0,709
d40_margin_C1_clean,0.2418,0.4,730
d40_watermark_C2_clean,0.1538,0.443,679
d40_whiteonwhite_C3_clean,0.1099,0.419,682
d40_microfont_C4_clean,0.1868,0.467,717
d41_body_C6_clean,0.1803,1.0,974
d41_footer_C1_clean,0.2049,1.0,992
d41_margin_C2_clean,0.2459,0.5,1018
d41_watermark_C3_clean,0.1393,0.4,943
d41_whiteonwhite_C4_clean,0.1311,0.393,944
d41_microfont_C5_clean,0.1557,0.5,961
d42_body_C1_clean,0.1765,1.0,1410
d42_footer_C2_clean,0.2193,1.0,1438
d42_margin_C3_clean,0.1925,0.4,1415
d42_watermark_C4_clean,0.1497,0.467,1361
d42_whiteonwhite_C5_clean,0.1497,0.5,1361
d42_microfont_C6_clean,0.1604,0.441,1377
d43_body_C2_clean,0.2903,1.0,1017
d43_footer_C3_clean,0.2823,1.0,996
d43_margin_C4_clean,0.2903,0.467,1000
d43_watermark_C5_clean,0.2097,0.5,940
d43_whiteonwhite_C6_clean,0.2097,0.407,940
d43_microfont_C1_clean,0.2339,0.489,980
d44_body_C3_clean,0.2198,1.0,752
d44_footer_C4_clean,0.2637,1.0,752
d44_margin_C5_clean,0.1978,0.5,720
d44_watermark_C6_clean,0.1538,0.441,695
d44_whiteonwhite_C1_clean,0.1538,0.444,695
d44_microfont_C2_clean,0.2308,0.729,756
d45_body_C4_clean,0.2188,1.0,1029
d45_footer_C5_clean,0.1797,1.0,996
d45_margin_C6_clean,0.1875,0.441,999
d45_watermark_C1_clean,0.1484,0.467,972
d45_whiteonwhite_C2_clean,0.1484,0.429,969
d45_microfont_C3_clean,0.1719,0.419,1013
d46_body_C5_clean,0.1624,1.0,1427
d46_footer_C6_clean,0.1726,1.0,1433
d46_margin_C1_clean,0.1421,0.444,1451
d46_watermark_C2_clean,0.1472,0.471,1403
d46_whiteonwhite_C3_clean,0.1472,0.4,1404
d46_microfont_C4_clean,0.1472,0.411,1407
d47_body_C6_clean,0.2562,1.0,1000
d47_footer_C1_clean,0.2727,1.0,1019
d47_margin_C2_clean,0.2975,0.414,1046
d47_watermark_C3_clean,0.2066,0.4,970
d47_whiteonwhite_C4_clean,0.2149,0.449,970
d47_microfont_C5_clean,0.2231,0.542,988
d48_body_C1_clean,0.1979,1.0,767
d48_footer_C2_clean,0.25,1.0,795
d48_margin_C3_clean,0.2396,0.381,773
d48_watermark_C4_clean,0.1458,0.355,718
d48_whiteonwhite_C5_clean,0.1458,0.5,718
d48_microfont_C6_clean,0.1562,0.407,738
d49_body_C2_clean,0.2047,1.0,1029
d49_footer_C3_clean,0.2126,1.0,1009
d49_margin_C4_clean,0.2126,0.411,1006
d49_watermark_C5_clean,0.1417,0.5,953
d49_whiteonwhite_C6_clean,0.1417,0.441,951
d49_microfont_C1_clean,0.1496,0.489,986
d50_body_C3_clean,0.1885,1.0,1408
d50_footer_C4_clean,0.2042,1.0,1409
d50_margin_C5_clean,0.1361,0.5,1379
d50_watermark_C6_clean,0.1518,0.441,1352
d50_whiteonwhite_C1_clean,0.1518,0.4,1352
d50_microfont_C2_clean,0.1937,0.671,1418
d51_body_C4_clean,0.2773,1.0,989
d51_footer_C5_clean,0.2353,1.0,956
d51_margin_C6_clean,0.2437,0.407,961
d51_watermark_C1_clean,0.2017,0.467,932
d51_whiteonwhite_C2_clean,0.2185,0.529,932
d51_microfont_C3_clean,0.2269,0.4,965
d52_body_C5_clean,0.1546,1.0,738
d52_footer_C6_clean,0.1546,1.0,745
d52_margin_C1_clean,0.2268,0.4,763
d52_watermark_C2_clean,0.1031,0.357,715
d52_whiteonwhite_C3_clean,0.1031,0.4,715
d52_microfont_C4_clean,0.1546,0.523,756
d53_body_C6_clean,0.1579,1.0,990
d53_footer_C1_clean,0.188,1.0,1008
d53_margin_C2_clean,0.2256,0.4,1034
d53_watermark_C3_clean,0.1278,0.4,959
d53_whiteonwhite_C4_clean,0.1579,0.449,960
d53_microfont_C5_clean,0.1504,0.5,973
d54_body_C1_clean,0.1925,1.0,1374
d54_footer_C2_clean,0.2086,1.0,1402
d54_margin_C3_clean,0.1979,0.4,1379
d54_watermark_C4_clean,0.1551,0.411,1325
d54_whiteonwhite_C5_clean,0.1551,0.5,1325
d54_microfont_C6_clean,0.139,0.407,1334
d55_body_C2_clean,0.2712,1.0,996
d55_footer_C3_clean,0.2627,1.0,975
d55_margin_C4_clean,0.2712,0.411,979
d55_watermark_C5_clean,0.1864,0.5,919
d55_whiteonwhite_C6_clean,0.2034,0.407,919
d55_microfont_C1_clean,0.2373,0.511,959
d56_body_C3_clean,0.1856,1.0,809
d56_footer_C4_clean,0.2474,1.0,808
d56_margin_C5_clean,0.1856,0.5,776
d56_watermark_C6_clean,0.1443,0.373,751
d56_whiteonwhite_C1_clean,0.1237,0.356,753
d56_microfont_C2_clean,0.1959,0.757,821
d57_body_C4_clean,0.1885,1.0,976
d57_footer_C5_clean,0.1639,1.0,942
d57_margin_C6_clean,0.1885,0.407,948
d57_watermark_C1_clean,0.1311,0.444,918
d57_whiteonwhite_C2_clean,0.1311,0.471,919
d57_microfont_C3_clean,0.1393,0.419,958
d58_body_C5_clean,0.1622,1.0,1395
d58_footer_C6_clean,0.1676,1.0,1401
d58_margin_C1_clean,0.1459,0.444,1424
d58_watermark_C2_clean,0.1405,0.486,1371
d58_whiteonwhite_C3_clean,0.1351,0.438,1372
d58_microfont_C4_clean,0.1568,0.449,1371
d59_body_C6_clean,0.2417,1.0,964
d59_footer_C1_clean,0.2667,1.0,983
d59_margin_C2_clean,0.2917,0.386,1008
d59_watermark_C3_clean,0.2,0.381,934
d59_whiteonwhite_C4_clean,0.2167,0.449,934
d59_microfont_C5_clean,0.2083,0.5,950
d00_body_C1_noise,0.4227,0.867,811
d00_body_C1_rotate,0.2474,1.0,805
d00_body_C1_lowdpi,0.4227,1.0,750
d00_footer_C2_noise,0.701,0.932,919
d00_footer_C2_rotate,0.2371,1.0,828
d00_footer_C2_lowdpi,0.4639,1.0,779
d00_whiteonwhite_C5_noise,0.5464,0.5,834
d00_whiteonwhite_C5_rotate,0.1856,0.458,754
d00_whiteonwhite_C5_lowdpi,0.4124,0.417,705
d05_body_C6_noise,0.4274,1.0,1005
d05_body_C6_rotate,0.2016,1.0,986
d05_body_C6_lowdpi,0.1855,1.0,985
d05_footer_C1_noise,0.3952,0.951,1018
d05_footer_C1_rotate,0.2258,1.0,1004
d05_footer_C1_lowdpi,0.2097,1.0,1004
d05_whiteonwhite_C4_noise,0.3548,0.355,962
d05_whiteonwhite_C4_rotate,0.1774,0.393,956
d05_whiteonwhite_C4_lowdpi,0.1613,0.393,955
d10_body_C5_noise,0.3407,0.875,1407
d10_body_C5_rotate,0.2033,1.0,1379
d10_body_C5_lowdpi,0.1703,1.0,1381
d10_footer_C6_noise,0.2802,0.909,1404
d10_footer_C6_rotate,0.1923,1.0,1387
d10_footer_C6_lowdpi,0.1758,1.0,1387
d10_whiteonwhite_C3_noise,0.2747,0.381,1387
d10_whiteonwhite_C3_rotate,0.1813,0.4,1355
d10_whiteonwhite_C3_lowdpi,0.1484,0.4,1357
d15_body_C4_noise,0.3866,0.897,1039
d15_body_C4_rotate,0.3109,1.0,1020
d15_body_C4_lowdpi,0.2857,1.0,1021
d15_footer_C5_noise,0.3193,0.909,1001
d15_footer_C5_rotate,0.2437,1.0,988
d15_footer_C5_lowdpi,0.2689,1.0,990
d15_whiteonwhite_C2_noise,0.4034,0.371,982
d15_whiteonwhite_C2_rotate,0.2437,0.429,963
d15_whiteonwhite_C2_lowdpi,0.2269,0.429,964
d20_body_C3_noise,0.3474,0.895,805
d20_body_C3_rotate,0.3263,1.0,775
d20_body_C3_lowdpi,0.3368,1.0,755
d20_footer_C4_noise,0.4842,0.865,817
d20_footer_C4_rotate,0.3684,1.0,776
d20_footer_C4_lowdpi,0.4,1.0,715
d20_whiteonwhite_C1_noise,0.4737,0.378,783
d20_whiteonwhite_C1_rotate,0.2632,0.378,719
d20_whiteonwhite_C1_lowdpi,0.2526,0.378,661
d25_body_C2_noise,0.3902,0.9,1049
d25_body_C2_rotate,0.2114,1.0,1045
d25_body_C2_lowdpi,0.2276,1.0,1046
d25_footer_C3_noise,0.3252,0.931,1032
d25_footer_C3_rotate,0.2195,1.0,1023
d25_footer_C3_lowdpi,0.2195,1.0,1025
d25_whiteonwhite_C6_noise,0.3333,0.441,994
d25_whiteonwhite_C6_rotate,0.1463,0.475,968
d25_whiteonwhite_C6_lowdpi,0.1626,0.475,969
d30_body_C1_noise,0.3497,1.0,1456
d30_body_C1_rotate,0.1967,1.0,1436
d30_body_C1_lowdpi,0.1803,1.0,1434
d30_footer_C2_noise,0.3825,0.843,1499
d30_footer_C2_rotate,0.2131,1.0,1465
d30_footer_C2_lowdpi,0.1967,1.0,1462
d30_whiteonwhite_C5_noise,0.3661,0.5,1411
d30_whiteonwhite_C5_rotate,0.1585,0.5,1388
d30_whiteonwhite_C5_lowdpi,0.1421,0.5,1385
d35_body_C6_noise,0.3884,0.881,975
d35_body_C6_rotate,0.3058,1.0,951
d35_body_C6_lowdpi,0.2149,1.0,948
d35_footer_C1_noise,0.4545,0.909,994
d35_footer_C1_rotate,0.2975,1.0,970
d35_footer_C1_lowdpi,0.2479,1.0,970
d35_whiteonwhite_C4_noise,0.3884,0.43,933
d35_whiteonwhite_C4_rotate,0.1983,0.43,918
d35_whiteonwhite_C4_lowdpi,0.2314,0.43,922
d40_body_C5_noise,0.5055,0.833,763
d40_body_C5_rotate,0.3297,1.0,710
d40_body_C5_lowdpi,0.2308,1.0,718
d40_footer_C6_noise,0.6044,0.873,773
d40_footer_C6_rotate,0.3516,1.0,716
d40_footer_C6_lowdpi,0.2418,1.0,724
d40_whiteonwhite_C3_noise,0.3846,0.419,725
d40_whiteonwhite_C3_rotate,0.2857,0.419,686
d40_whiteonwhite_C3_lowdpi,0.2308,0.419,691
d45_body_C4_noise,0.3125,0.879,1045
d45_body_C4_rotate,0.2344,1.0,1025
d45_body_C4_lowdpi,0.2031,1.0,1026
d45_footer_C5_noise,0.3047,0.913,1008
d45_footer_C5_rotate,0.2031,1.0,994
d45_footer_C5_lowdpi,0.1797,1.0,995
d45_whiteonwhite_C2_noise,0.3672,0.443,993
d45_whiteonwhite_C2_rotate,0.1797,0.429,968
d45_whiteonwhite_C2_lowdpi,0.1484,0.429,969
d50_body_C3_noise,0.3141,0.895,1437
d50_body_C3_rotate,0.1937,1.0,1408
d50_body_C3_lowdpi,0.1885,1.0,1409
d50_footer_C4_noise,0.3822,0.804,1437
d50_footer_C4_rotate,0.2094,1.0,1409
d50_footer_C4_lowdpi,0.1885,1.0,1410
d50_whiteonwhite_C1_noise,0.267,0.4,1374
d50_whiteonwhite_C1_rotate,0.1571,0.4,1352
d50_whiteonwhite_C1_lowdpi,0.1414,0.4,1354
d55_body_C2_noise,0.3983,0.886,1007
d55_body_C2_rotate,0.3051,1.0,994
d55_body_C2_lowdpi,0.2712,1.0,996
d55_footer_C3_noise,0.3898,0.958,994
d55_footer_C3_rotate,0.2712,1.0,976
d55_footer_C3_lowdpi,0.3136,1.0,978
d55_whiteonwhite_C6_noise,0.3898,0.441,944
d55_whiteonwhite_C6_rotate,0.2373,0.407,917
d55_whiteonwhite_C6_lowdpi,0.2034,0.407,919
d02_body_C3_noise,0.299,1.0,1482
d02_body_C3_rotate,0.1959,1.0,1456
d02_body_C3_lowdpi,0.1907,1.0,1455
d02_footer_C4_noise,0.3969,0.849,1481
d02_footer_C4_rotate,0.201,0.879,1455
d02_footer_C4_lowdpi,0.1856,1.0,1456
d02_whiteonwhite_C1_noise,0.2629,0.444,1418
d02_whiteonwhite_C1_rotate,0.1546,0.422,1401
d02_whiteonwhite_C1_lowdpi,0.134,0.422,1400
d07_body_C2_noise,0.4262,1.0,1021
d07_body_C2_rotate,0.3033,0.914,1018
d07_body_C2_lowdpi,0.3033,1.0,1015
d07_footer_C3_noise,0.4344,1.0,1015
d07_footer_C3_rotate,0.2623,1.0,991
d07_footer_C3_lowdpi,0.3033,1.0,994
d07_whiteonwhite_C6_noise,0.3852,0.407,951
d07_whiteonwhite_C6_rotate,0.2295,0.407,938
d07_whiteonwhite_C6_lowdpi,0.2377,0.407,938
d12_body_C1_noise,0.534,1.0,934
d12_body_C1_rotate,0.2233,0.889,838
d12_body_C1_lowdpi,0.3981,1.0,804
d12_footer_C2_noise,0.6214,0.833,956
d12_footer_C2_rotate,0.2427,1.0,868
d12_footer_C2_lowdpi,0.4466,1.0,833
d12_whiteonwhite_C5_noise,0.4175,0.5,848
d12_whiteonwhite_C5_rotate,0.1748,0.5,789
d12_whiteonwhite_C5_lowdpi,0.3495,0.5,759
d17_body_C6_noise,0.3359,1.0,956
d17_body_C6_rotate,0.2061,1.0,940
d17_body_C6_lowdpi,0.1603,1.0,939
d17_footer_C1_noise,0.374,0.892,974
d17_footer_C1_rotate,0.1985,1.0,958
d17_footer_C1_lowdpi,0.1832,1.0,958
d17_whiteonwhite_C4_noise,0.3511,0.393,928
d17_whiteonwhite_C4_rotate,0.1679,0.393,911
d17_whiteonwhite_C4_lowdpi,0.1374,0.393,909
d22_body_C5_noise,0.2872,1.0,1438
d22_body_C5_rotate,0.1949,1.0,1420
d22_body_C5_lowdpi,0.159,1.0,1422
d22_footer_C6_noise,0.2667,0.862,1433
d22_footer_C6_rotate,0.1897,1.0,1427
d22_footer_C6_lowdpi,0.1641,1.0,1428
d22_whiteonwhite_C3_noise,0.3077,0.457,1425
d22_whiteonwhite_C3_rotate,0.1744,0.476,1397
d22_whiteonwhite_C3_lowdpi,0.1487,0.476,1398
d27_body_C4_noise,0.4087,1.0,1009
d27_body_C4_rotate,0.287,1.0,1000
d27_body_C4_lowdpi,0.2957,1.0,1000
d27_footer_C5_noise,0.3217,0.913,987
d27_footer_C5_rotate,0.2435,1.0,967
d27_footer_C5_lowdpi,0.2261,1.0,966
d27_whiteonwhite_C2_noise,0.3304,0.457,968
d27_whiteonwhite_C2_rotate,0.2261,0.471,944
d27_whiteonwhite_C2_lowdpi,0.2348,0.471,943
d32_body_C3_noise,0.551,0.857,818
d32_body_C3_rotate,0.3163,0.781,767
d32_body_C3_lowdpi,0.3776,1.0,713
d32_footer_C4_noise,0.4796,0.822,824
d32_footer_C4_rotate,0.3571,0.906,776
d32_footer_C4_lowdpi,0.4184,1.0,714
d32_whiteonwhite_C1_noise,0.449,0.378,769
d32_whiteonwhite_C1_rotate,0.1837,0.378,722
d32_whiteonwhite_C1_lowdpi,0.3163,0.378,657
d37_body_C2_noise,0.3485,0.9,1096
d37_body_C2_rotate,0.2197,1.0,1074
d37_body_C2_lowdpi,0.197,1.0,1075
d37_footer_C3_noise,0.3636,0.838,1072
d37_footer_C3_rotate,0.197,1.0,1055
d37_footer_C3_lowdpi,0.197,1.0,1054
d37_whiteonwhite_C6_noise,0.2727,0.441,1020
d37_whiteonwhite_C6_rotate,0.1591,0.441,997
d37_whiteonwhite_C6_lowdpi,0.1364,0.441,998
d42_body_C1_noise,0.369,0.844,1425
d42_body_C1_rotate,0.2139,1.0,1405
d42_body_C1_lowdpi,0.1818,1.0,1409
d42_footer_C2_noise,0.3155,0.946,1461
d42_footer_C2_rotate,0.2193,1.0,1437
d42_footer_C2_lowdpi,0.1925,1.0,1437
d42_whiteonwhite_C5_noise,0.3369,0.458,1380
d42_whiteonwhite_C5_rotate,0.1872,0.5,1360
d42_whiteonwhite_C5_lowdpi,0.1551,0.5,1360
d47_body_C6_noise,0.405,0.847,1008
d47_body_C6_rotate,0.2893,1.0,999
d47_body_C6_lowdpi,0.2562,1.0,1000
d47_footer_C1_noise,0.4215,0.864,1040
d47_footer_C1_rotate,0.2893,1.0,1020
d47_footer_C1_lowdpi,0.2645,1.0,1019
d47_whiteonwhite_C4_noise,0.3636,0.467,979
d47_whiteonwhite_C4_rotate,0.2479,0.449,970
d47_whiteonwhite_C4_lowdpi,0.2149,0.449,970
d52_body_C5_noise,0.3402,0.875,771
d52_body_C5_rotate,0.3299,1.0,742
d52_body_C5_lowdpi,0.2268,1.0,715
d52_footer_C6_noise,0.433,0.897,801
d52_footer_C6_rotate,0.3299,1.0,749
d52_footer_C6_lowdpi,0.2371,1.0,721
d52_whiteonwhite_C3_noise,0.4227,0.4,779
d52_whiteonwhite_C3_rotate,0.2887,0.4,718
d52_whiteonwhite_C3_lowdpi,0.1856,0.381,691
d57_body_C4_noise,0.3525,0.86,1004
d57_body_C4_rotate,0.2049,1.0,976
d57_body_C4_lowdpi,0.2049,1.0,975
d57_footer_C5_noise,0.2787,0.933,951
d57_footer_C5_rotate,0.1639,1.0,943
d57_footer_C5_lowdpi,0.1639,1.0,942
d57_whiteonwhite_C2_noise,0.3197,0.471,937
d57_whiteonwhite_C2_rotate,0.1475,0.471,920
d57_whiteonwhite_C2_lowdpi,0.1475,0.471,918
d00_none_none_clean,0.134,,750
d01_none_none_clean,0.1811,,969
d02_none_none_clean,0.1495,,1399
d03_none_none_clean,0.2114,,958
d04_none_none_clean,0.1386,,725
d05_none_none_clean,0.1613,,956
d06_none_none_clean,0.1543,,1390
d07_none_none_clean,0.2295,,939
d08_none_none_clean,0.1075,,689
d09_none_none_clean,0.125,,945
d10_none_none_clean,0.1484,,1357
d11_none_none_clean,0.189,,989
d12_none_none_clean,0.1359,,791
d13_none_none_clean,0.129,,911
d14_none_none_clean,0.1576,,1349
d15_none_none_clean,0.2017,,964
d16_none_none_clean,0.14,,738
d17_none_none_clean,0.1374,,911
d18_none_none_clean,0.1451,,1402
d19_none_none_clean,0.1951,,948
d20_none_none_clean,0.1263,,714
d21_none_none_clean,0.1504,,973
d22_none_none_clean,0.1487,,1397
d23_none_none_clean,0.1983,,930
d24_none_none_clean,0.1538,,675
d25_none_none_clean,0.1463,,969
d26_none_none_clean,0.1576,,1367
d27_none_none_clean,0.2087,,943
d28_none_none_clean,0.1505,,677
d29_none_none_clean,0.1333,,929
d30_none_none_clean,0.1585,,1385
d31_none_none_clean,0.1951,,913
d32_none_none_clean,0.102,,715
d33_none_none_clean,0.127,,961
d34_none_none_clean,0.1543,,1360
d35_none_none_clean,0.2149,,922
d36_none_none_clean,0.1154,,764
d37_none_none_clean,0.1439,,999
d38_none_none_clean,0.1551,,1358
d39_none_none_clean,0.1983,,952
d40_none_none_clean,0.1538,,679
d41_none_none_clean,0.1393,,943
d42_none_none_clean,0.1497,,1361
d43_none_none_clean,0.2097,,940
d44_none_none_clean,0.1538,,695
d45_none_none_clean,0.1484,,972
d46_none_none_clean,0.1472,,1403
d47_none_none_clean,0.2066,,970
d48_none_none_clean,0.1458,,718
d49_none_none_clean,0.1417,,953
d50_none_none_clean,0.1518,,1352
d51_none_none_clean,0.2017,,932
d52_none_none_clean,0.1031,,715
d53_none_none_clean,0.1278,,959
d54_none_none_clean,0.1551,,1325
d55_none_none_clean,0.1864,,919
d56_none_none_clean,0.1443,,751
d57_none_none_clean,0.1311,,918
d58_none_none_clean,0.1405,,1371
d59_none_none_clean,0.2,,934
d00_none_none_noise,0.3402,,776
d00_none_none_rotate,0.134,,749
d00_none_none_lowdpi,0.3608,,702
d05_none_none_noise,0.2661,,975
d05_none_none_rotate,0.1613,,956
d05_none_none_lowdpi,0.1452,,955
d10_none_none_noise,0.3242,,1374
d10_none_none_rotate,0.1813,,1355
d10_none_none_lowdpi,0.1484,,1357
d15_none_none_noise,0.3193,,976
d15_none_none_rotate,0.2269,,963
d15_none_none_lowdpi,0.2353,,966
d20_none_none_noise,0.4316,,737
d20_none_none_rotate,0.2632,,719
d20_none_none_lowdpi,0.2947,,658
d25_none_none_noise,0.3333,,974
d25_none_none_rotate,0.1301,,968
d25_none_none_lowdpi,0.1463,,969
d30_none_none_noise,0.3388,,1410
d30_none_none_rotate,0.1585,,1387
d30_none_none_lowdpi,0.1421,,1385
d35_none_none_noise,0.3802,,938
d35_none_none_rotate,0.2479,,920
d35_none_none_lowdpi,0.1818,,922
d40_none_none_noise,0.3407,,697
d40_none_none_rotate,0.2857,,686
d40_none_none_lowdpi,0.1868,,694
d45_none_none_noise,0.3438,,984
d45_none_none_rotate,0.1797,,969
d45_none_none_lowdpi,0.1484,,970
d50_none_none_noise,0.3717,,1366
d50_none_none_rotate,0.1571,,1352
d50_none_none_lowdpi,0.1361,,1353
d55_none_none_noise,0.3729,,952
d55_none_none_rotate,0.2203,,917
d55_none_none_lowdpi,0.2373,,922
d02_none_none_noise,0.2938,,1409
d02_none_none_rotate,0.1546,,1399
d02_none_none_lowdpi,0.134,,1399
d07_none_none_noise,0.3852,,954
d07_none_none_rotate,0.2295,,938
d07_none_none_lowdpi,0.2377,,938
d12_none_none_noise,0.5243,,879
d12_none_none_rotate,0.1748,,789
d12_none_none_lowdpi,0.3495,,755
d17_none_none_noise,0.229,,933
d17_none_none_rotate,0.1679,,910
d17_none_none_lowdpi,0.1221,,909
d22_none_none_noise,0.3385,,1415
d22_none_none_rotate,0.1744,,1396
d22_none_none_lowdpi,0.1385,,1398
d27_none_none_noise,0.3478,,951
d27_none_none_rotate,0.2087,,943
d27_none_none_lowdpi,0.2,,942
d32_none_none_noise,0.5306,,804
d32_none_none_rotate,0.2041,,711
d32_none_none_lowdpi,0.3163,,657
d37_none_none_noise,0.2727,,1007
d37_none_none_rotate,0.1515,,997
d37_none_none_lowdpi,0.1288,,998
d42_none_none_noise,0.262,,1369
d42_none_none_rotate,0.1818,,1357
d42_none_none_lowdpi,0.139,,1360
d47_none_none_noise,0.3554,,990
d47_none_none_rotate,0.2397,,969
d47_none_none_lowdpi,0.1983,,971
d52_none_none_noise,0.4433,,770
d52_none_none_rotate,0.299,,718
d52_none_none_lowdpi,0.1856,,691
d57_none_none_noise,0.2377,,932
d57_none_none_rotate,0.1311,,919
d57_none_none_lowdpi,0.1311,,918
